Семантическое ядро,Поисковые фразы,,,,
устройство +в яндекс такси,как устроится службу яндекс такси без своей машины,,,,
устроиться яндекс такси,как устроиться в яндекс такси без машины в бишкеке,как устроиться яндекс такси,,,
сколько зарабатывают таксисты яндекс,,,,,
яндекс такси устроиться +на работу,,,,,
водитель +в яндекс такси,регистрация водителей в яндекс такси бишкек,требуются водители в яндекс такси бишкек,хочешь устраивать водителей в яндекс такси,,
яндекс +для водителей,яндекс такси в бишкеке для водителей,требуются водители в яндекс такси бишкек,,,
водитель яндекс такси -!в,яндекс такси бишкек водитель,,,,
яндекс подключиться водителем,,,,,
яндекс подключиться таксистом,,,,,
яндекс подключение таксистом,,,,,
яндекс подключение водителем,,,,,
яндекс такси отзывы водителей,,,,,
яндекс такси отзывы таксистов,,,,,
форум таксистов яндекс,,,,,
отзывы таксистов яндекс -такси,,,,,
яндекс отзывы водителей -такси,,,,,
условия работы +в яндекс такси,,,,,
яндекс такси работать,яндекс такси работа,работа яндекс такси россии,я хочу работать яндекс такси бишкек,яндекс такси бишкек работ,условия работы в яндекс такси на авто
яндекс такси условия работы -!в,,,,,
можно ли работать +в яндекс такси,,,,,
работа яндекс такси -!в -условие,,,,,
работа +в яндекс такси -условие,,,,,
яндекс такси работа +на +своем авто,,,,,
работа +в яндекс такси +на авто компании,,,,,
яндекс такси +на +своей машине,,,,,
работа +в такси яндекс +на +своей машине,,,,,
работать +в яндекс такси +на +своей машине,,,,,
работа яндекс такси личном авто,,,,,
работа +в яндекс +на +своем авто,,,,,
сколько зарабатывают +в яндекс такси,,,,,
яндекс такси заработок,,,,,
яндекс такси заработать,,,,,
работа +в яндекс такси вакансии,,,,,
яндекс такси официальный сайт вакансии,,,,,
вакансия яндекс такси -!в,,,,,
вакансия +в яндекс такси -работа,,,,,
подключение +к яндекс такси Бишкек,,,,,
подключение +к яндекс такси,,,,,
подключить яндекс такси,,,,,
подключиться яндекс такси,,,,,
подключение яндекс такси -!к,,,,,
работа +в яндекс такси отзывы,,,,,
яндекс такси +на +своем авто,,,,,
яндекс такси работа водителем,,,,,
таксист яндекс работа,,,,,
водитель яндекс работа -такси,,,,,
работа +в яндекс такси Бишкек,работа яндекс такси в бишкеке,условия работы в яндекс такси в бишкеке,работа яндекс такси в бишкеке,,
яндекс такси Бишкек вакансии,,,,,
яндекс такси Бишкек работа -!в,городе бишкек кыргызстан работа яндекс такси сколько зарабатывает яндекс такси водителей,,,,
яндекс устроиться таксистом,яндекс водитель такси,,,,
яндекс устроиться водителем,,,,,
устроиться водителем +в яндекс такси,устройство на работу в яндекс такси бишкеке,,,,
стать водителем яндекс,,,,,
стать яндекс таксистом,,,,,
яндекс такси вакансии водитель,скачать яндекс такси на телефон водитель,,,,
таксист яндекс вакансия,,,,,
водитель яндекс вакансия -такси,,,,,
"""работа в яндекс такси""",,,,,
"""условия работы в яндекс такси""",,,,,
"""работа яндекс такси""",,,,,
"""яндекс такси условия работы""",,,,,
"""можно ли работать в яндекс такси""",,,,,
[яндекс такси условия работы],,,,,
"""яндекс такси работать""",,,,,
[работа в яндекс такси] -работать,,,,,
[условия работы в яндекс такси],,,,,
[можно ли работать в яндекс такси],,,,,
[яндекс такси работать],,,,,
[работа яндекс такси] -работать,,,,,
"""яндекс такси работа водителем""",,,,,
[водитель яндекс работа] -таксист,,,,,
"""водитель яндекс работа""",,,,,
[таксист яндекс работа] -водитель,,,,,
[яндекс такси работа водителем],,,,,
"""таксист яндекс работа""",,,,,
"""работа в яндекс такси вакансии""",,,,,
"""яндекс такси официальный сайт вакансии""",,,,,
[вакансия в яндекс такси],,,,,
"""вакансия яндекс такси""",,,,,
[вакансия яндекс такси],,,,,
[яндекс такси официальный сайт вакансии],,,,,
[работа в яндекс такси вакансии],,,,,
"""вакансия в яндекс такси""",,,,,
[работа в яндекс такси отзывы],,,,,
"""работа в яндекс такси отзывы""",,,,,
"""яндекс такси на своем авто""",,,,,
[яндекс такси на своем авто],,,,,
"""устройство в яндекс такси""",,,,,
"""устроиться яндекс такси""",,,,,
[устроиться яндекс такси] -устройство,,,,,
[устройство в яндекс такси] -устраиваться,,,,,
"""яндекс такси отзывы водителей""",,,,,
"""форум таксистов яндекс""",,,,,
"""яндекс такси отзывы таксистов""",,,,,
[яндекс такси отзывы водителей],,,,,
"""отзывы таксистов яндекс""",,,,,
[яндекс такси отзывы таксистов],,,,,
"""яндекс отзывы водителей""",,,,,
[форум таксистов яндекс] -отзыв,,,,,
[отзывы таксистов яндекс] -форум,,,,,
[яндекс отзывы водителей] -такси,,,,,
"""водитель яндекс такси""",,,,,
"""яндекс для водителей""",,,,,
[водитель яндекс такси],,,,,
[водитель в яндекс такси],,,,,
"""водитель в яндекс такси""",,,,,
[яндекс для водителей],,,,,
"""яндекс такси Бишкек работа""",,,,,
[работа в яндекс такси Бишкек] -вакансия,,,,,
"""работа в яндекс такси Бишкек""",,,,,
[яндекс такси Бишкек вакансии],,,,,
"""яндекс такси Бишкек вакансии""",,,,,
[яндекс такси Бишкек работа],,,,,
"""подключение к яндекс такси""",,,,,
"""подключить яндекс такси""",,,,,
"""подключение яндекс такси""",,,,,
[подключение яндекс такси] -подключать -подключаться,,,,,
[подключиться яндекс такси] -подключать -подключение,,,,,
[подключение к яндекс такси] -подключать -подключаться,,,,,
[подключить яндекс такси] -подключаться -подключение,,,,,
"""подключиться яндекс такси""",,,,,
"""сколько зарабатывают в яндекс такси""",,,,,
"""яндекс такси заработок""",,,,,
"""яндекс такси заработать""",,,,,
[яндекс такси заработать],,,,,
[яндекс такси заработок],,,,,
[сколько зарабатывают в яндекс такси],,,,,
"""яндекс такси устроиться на работу""",,,,,
[яндекс такси устроиться на работу],,,,,
"""яндекс такси работа на своем авто""",,,,,
"""работа в такси яндекс на своей машине""",,,,,
"""работать в яндекс такси на своей машине""",,,,,
"""работа в яндекс такси на авто компании""",,,,,
"""яндекс такси на своей машине""",,,,,
"""работа яндекс такси личном авто""",,,,,
[яндекс такси на своей машине],,,,,
[работа в яндекс такси на авто компании],,,,,
[работа яндекс такси личном авто],,,,,
[работа в такси яндекс на своей машине] -работать,,,,,
[яндекс такси работа на своем авто],,,,,
[работать в яндекс такси на своей машине] -работа,,,,,
[работа в яндекс на своем авто],,,,,
"""работа в яндекс на своем авто""",,,,,
"""сколько зарабатывают таксисты яндекс""",,,,,
[сколько зарабатывают таксисты яндекс],,,,,
"""яндекс такси вакансии водитель""",,,,,
[водитель яндекс вакансия] -таксист,,,,,
[яндекс такси вакансии водитель],,,,,
[таксист яндекс вакансия] -водитель,,,,,
"""водитель яндекс вакансия""",,,,,
"""таксист яндекс вакансия""",,,,,
"""устроиться водителем в яндекс такси""",,,,,
"""яндекс устроиться таксистом""",,,,,
[яндекс устроиться таксистом],,,,,
"""стать яндекс таксистом""",,,,,
[стать водителем яндекс] -такси -устраиваться,,,,,
[стать яндекс таксистом] -устраиваться,,,,,
[яндекс устроиться водителем],,,,,
[устроиться водителем в яндекс такси],,,,,
"""стать водителем яндекс""",,,,,
"""яндекс устроиться водителем""",,,,,
[яндекс подключиться таксистом],,,,,
"""яндекс подключение водителем""",,,,,
"""яндекс подключиться водителем""",,,,,
[яндекс подключение таксистом],,,,,
[яндекс подключиться водителем],,,,,
"""яндекс подключиться таксистом""",,,,,
"""яндекс подключение таксистом""",,,,,
[яндекс подключение водителем],,,,,
"""подключение к яндекс такси Бишкек""",,,,,
[подключение к яндекс такси Бишкек],,,,,